{"status": "done", "data": {"Indiana": -2.513651, "Michigan": 1.955579, "Guam": -5.351563, "California": 0.777802, "Kentucky": 1.055579, "New York": 1.180579, "District of Columbia": 2.97481, "Puerto Rico": -18.484421, "Washington": 1.169216, "Virginia": 0.358913, "Georgia": 3.740874, "Nevada": -2.694421, "North Carolina": 1.566691, "Kansas": 0.962722, "Massachusetts": 3.752246, "Maryland": 0.252638, "National": 1.005579, "South Dakota": 3.416691, "Florida": 2.805579, "Arizona": -1.305532, "Missouri": 0.980579, "South Carolina": 1.505579, "Alabama": -0.544421, "Arkansas": -1.117498, "Wyoming": 1.782502, "Oregon": 2.938913, "Virgin Islands": -5.858706, "Montana": 2.988188, "Vermont": 5.360125, "Pennsylvania": -0.061087, "Louisiana": -3.100671, "New Mexico": -3.130135, "Maine": 6.546756, "Delaware": -0.723832, "Ohio": -0.059126, "North Dakota": -1.13533, "Illinois": -0.764421, "Rhode Island": -0.987754, "Idaho": 1.678913, "Oklahoma": -0.140254, "West Virginia": 1.352246, "Wisconsin": -1.780135, "Nebraska": 0.075145, "Tennessee": 0.980579, "New Jersey": 0.351034, "Colorado": 0.697887, "Mississippi": -1.577754, "Iowa": -1.544421, "Alaska": 0.198913, "Utah": -0.471344, "Minnesota": -0.134421, "Hawaii": -0.544421, "New Hampshire": 4.466691, "Texas": 0.034151, "Connecticut": -1.417498}}