{"status": "done", "data": {"Wisconsin": 0.32734, "North Dakota": -0.408905, "Illinois": 0.960886, "Vermont": 1.36458, "Maryland": -0.045634, "Utah": 0.287679, "Alaska": -1.420016, "Connecticut": -1.271524, "Louisiana": 1.303451, "Oklahoma": 0.424428, "Florida": 0.209428, "North Carolina": 0.10513, "Montana": -1.695499, "Michigan": 0.745412, "Puerto Rico": -2.503602, "South Dakota": -0.712891, "Pennsylvania": -0.060787, "Kansas": 0.426511, "Rhode Island": -0.696026, "Indiana": 0.895748, "Hawaii": 0.478074, "Colorado": -0.302604, "Nebraska": -1.208667, "Delaware": -0.191085, "Mississippi": 0.167136, "New Jersey": -1.597836, "Idaho": -0.708148, "Oregon": 0.340574, "Guam": -0.002693, "Ohio": 1.225227, "Washington": 0.51434, "Arkansas": 1.4876, "West Virginia": 0.62165, "Wyoming": -1.03414, "South Carolina": 1.223671, "Missouri": 1.720075, "Virginia": 0.023938, "Massachusetts": -0.137551, "New Hampshire": -0.361394, "Kentucky": 1.41112, "Nevada": -1.875572, "Tennessee": 0.373302, "California": -1.241829, "Georgia": 0.181496, "New Mexico": -1.380731, "Iowa": 0.518204, "National": -0.603176, "District of Columbia": 3.735886, "New York": -0.377239, "Arizona": -0.921926, "Minnesota": -1.063001, "Maine": 0.166632, "Alabama": 0.327589, "Texas": 0.105838, "Virgin Islands": 1.185886}}