{"status": "done", "data": {"Colorado": 19.366666666666667, "Oregon": 20.95616438356164, "California": 21.071014492753626, "Washington": 21.251388888888883, "Utah": 21.285937499999996}}