{"status": "done", "data": {"Guam": 38.29333333333333, "Colorado": 36.95416666666666, "District of Columbia": 35.13461538461538, "Utah": 35.028571428571425, "New Mexico": 34.92799999999999}}