{"status": "done", "data": {"Puerto Rico": 17.875, "Mississippi": 23.83225806451613, "Texas": 25.108695652173914, "Oklahoma": 25.17142857142857, "Alabama": 26.41363636363636, "Tennessee": 26.694117647058835, "Iowa": 27.41304347826087, "North Dakota": 27.796296296296298, "Indiana": 27.8, "North Carolina": 28.04666666666667, "Kentucky": 28.174074074074085, "Louisiana": 28.47931034482759, "Nebraska": 29.01739130434783, "Missouri": 29.067741935483877, "Connecticut": 29.221875, "Rhode Island": 29.253658536585355, "Arkansas": 29.285714285714285, "Kansas": 29.34347826086957, "Guam": 29.43125, "South Dakota": 29.696551724137933, "New York": 29.84761904761905, "West Virginia": 30.211538461538467, "Illinois": 30.313888888888886, "Pennsylvania": 30.423076923076927, "South Carolina": 30.49642857142857, "Delaware": 30.551724137931032, "Georgia": 30.733333333333327, "Ohio": 30.9, "New Jersey": 31.000000000000004, "Virginia": 31.069230769230767, "Virgin Islands": 31.1, "Maryland": 31.21923076923077, "District of Columbia": 31.443333333333335, "Nevada": 31.636363636363644, "National": 32.02333333333333, "Arizona": 32.025, "Massachusetts": 32.25000000000001, "Michigan": 32.27037037037038, "Minnesota": 32.36666666666667, "Utah": 32.629999999999995, "Florida": 33.53636363636364, "Wyoming": 33.71304347826087, "Idaho": 34.12058823529412, "New Hampshire": 34.59333333333334, "Washington": 34.70454545454545, "New Mexico": 34.87499999999999, "Maine": 35.31600000000001, "Wisconsin": 35.37142857142857, "Hawaii": 36.765, "Oregon": 37.19393939393939, "Alaska": 37.24999999999999, "California": 37.2952380952381, "Colorado": 37.44230769230769, "Vermont": 37.634615384615394, "Montana": 38.186666666666675}}