{"status": "done", "data": {"Maine": 14.858823529411765, "Vermont": 16.045454545454543, "New Hampshire": 16.938888888888883, "Massachusetts": 17.65333333333334, "Georgia": 17.66470588235294}}