{"status": "done", "data": {"Idaho": -7.944415, "Puerto Rico": 12.488918, "Arkansas": 4.266494, "Virginia": 0.872251, "Kansas": 2.689563, "Missouri": 0.885109, "Connecticut": -0.169653, "Nebraska": 0.608918, "Delaware": 0.06077, "Hawaii": -6.951082, "Michigan": -0.725457, "Illinois": 0.064918, "Maine": -2.637749, "Arizona": -1.796638, "Iowa": 2.087179, "Utah": -2.830476, "Vermont": -7.671727, "Minnesota": -1.338304, "Mississippi": 7.285585, "Alaska": -5.488052, "North Dakota": 4.293533, "Kentucky": 3.232918, "Washington": -5.203985, "New Mexico": -5.972563, "Alabama": 6.405347, "California": -6.01167, "Florida": -1.629013, "South Carolina": 1.832447, "Oregon": -7.391082, "Pennsylvania": 1.646696, "Nevada": -1.00262, "Maryland": 1.985841, "Colorado": -6.965368, "Massachusetts": -1.188052, "Wyoming": 0.308918, "Ohio": 1.535005, "Rhode Island": 3.557305, "Oklahoma": 6.053746, "Louisiana": 5.178615, "Indiana": 5.431995, "North Carolina": 1.868293, "District of Columbia": -1.068005, "Tennessee": 6.982992, "West Virginia": 1.112918, "National": 1.276775, "New Jersey": 0.913918, "Texas": 3.545955, "New Hampshire": -2.772563, "Montana": -5.200173, "Georgia": 3.708918, "Guam": 4.822251, "South Dakota": 1.281995, "New York": 2.763085, "Virgin Islands": 0.008918, "Wisconsin": -5.295627}}