{"status": "done", "data": {"Puerto Rico": 37.32000000000001, "Mississippi": 42.52333333333332, "Tennessee": 42.82592592592592, "Alabama": 43.40357142857143, "Oklahoma": 43.7551724137931, "Indiana": 44.37692307692306, "Louisiana": 44.630303030303025, "Guam": 44.98666666666667, "North Dakota": 45.51538461538461, "Arkansas": 45.54242424242424, "Georgia": 46.1, "Rhode Island": 46.2516129032258, "Texas": 46.262962962962966, "Kentucky": 46.57599999999999, "New York": 47.04583333333333, "Kansas": 47.119354838709675, "Iowa": 47.72173913043478, "Maryland": 47.82307692307692, "North Carolina": 47.94062500000001, "South Carolina": 47.97647058823529, "Pennsylvania": 48.162222222222226, "Ohio": 48.27391304347826, "South Dakota": 48.52692307692307, "National": 48.53214285714285, "West Virginia": 48.696, "New Jersey": 48.894999999999996, "Missouri": 48.92380952380952, "Virginia": 48.936666666666675, "Nebraska": 49.2, "Wyoming": 49.50000000000001, "Illinois": 49.744, "Delaware": 49.74814814814814, "Virgin Islands": 49.8, "Connecticut": 49.978571428571435, "Michigan": 50.53437499999998, "Nevada": 50.81153846153847, "District of Columbia": 50.876923076923084, "Massachusetts": 50.9969696969697, "Minnesota": 51.14722222222222, "Florida": 51.43793103448276, "Arizona": 51.60555555555557, "Maine": 52.446666666666665, "New Hampshire": 52.58148148148148, "Utah": 52.639393939393926, "Montana": 55.0090909090909, "Washington": 55.01290322580644, "Wisconsin": 55.10454545454545, "Alaska": 55.2969696969697, "New Mexico": 55.78148148148148, "California": 55.82058823529414, "Hawaii": 56.76, "Colorado": 56.77428571428571, "Oregon": 57.199999999999974, "Vermont": 57.48064516129032, "Idaho": 57.75333333333333}}