{"status": "done", "data": {"Arkansas": -4.032158, "Louisiana": -6.469329, "Arizona": 0.404684, "Pennsylvania": 1.092755, "Oregon": 0.931, "Delaware": 1.555671, "Alabama": -4.375579, "Minnesota": 2.566088, "Texas": -0.423656, "Alaska": -0.500579, "Maryland": 4.266088, "Nevada": -3.736293, "Guam": -3.656829, "Kansas": -0.436293, "West Virginia": -5.470579, "Idaho": -0.255124, "District of Columbia": 4.337517, "New Hampshire": 4.261326, "Florida": 2.949421, "New Jersey": 3.492755, "Wisconsin": 1.691729, "North Dakota": 1.174421, "Hawaii": 0.693539, "Colorado": 2.18831, "New Mexico": -1.356134, "North Carolina": -0.880579, "Wyoming": -2.235873, "Massachusetts": 5.279421, "New York": 2.963707, "California": 2.522951, "Montana": -0.240579, "Utah": 3.649421, "Georgia": -0.380579, "Missouri": -2.395023, "Iowa": 0.813058, "South Dakota": -0.685194, "Illinois": 2.286921, "Nebraska": -1.333912, "Mississippi": -5.617245, "Virgin Islands": -1.000579, "Ohio": -1.388079, "Connecticut": 4.422498, "Michigan": 0.258245, "Rhode Island": 4.282755, "Indiana": -2.989468, "Tennessee": -2.250579, "Puerto Rico": -9.717245, "Vermont": 5.305304, "Washington": -0.133912, "Virginia": 0.224421, "South Carolina": -3.000579, "Oklahoma": -5.755124, "Maine": 4.264421, "Kentucky": -3.300579, "National": 0.932755}}