{"status": "done", "data": {"Maine": 14.858823529411765, "Vermont": 16.045454545454543, "New Hampshire": 16.938888888888883, "Massachusetts": 17.65333333333334, "Georgia": 17.66470588235294, "South Dakota": 17.98888888888889, "Montana": 18.417391304347824, "District of Columbia": 18.43076923076923, "Oregon": 18.466666666666665, "Florida": 18.6, "Michigan": 19.450000000000003, "Wyoming": 19.623076923076926, "Idaho": 19.72666666666667, "North Carolina": 19.83888888888889, "South Carolina": 19.900000000000002, "West Virginia": 20.053333333333335, "New York": 20.224999999999998, "Washington": 20.236363636363635, "Kentucky": 20.349999999999998, "National": 20.4, "Missouri": 20.424999999999997, "Tennessee": 20.425, "Kansas": 20.442857142857143, "California": 20.62777777777778, "Colorado": 20.707692307692305, "Virginia": 21.04666666666667, "New Jersey": 21.05454545454546, "Maryland": 21.152941176470588, "Alaska": 21.206666666666663, "Nebraska": 21.330434782608695, "Texas": 21.37142857142857, "Ohio": 21.46470588235294, "Pennsylvania": 21.466666666666665, "Minnesota": 21.540000000000003, "Oklahoma": 21.54583333333333, "Utah": 21.876923076923074, "Alabama": 21.95, "Hawaii": 21.95, "Delaware": 22.129411764705882, "Illinois": 22.17, "Rhode Island": 22.39333333333333, "Arkansas": 22.523076923076925, "North Dakota": 22.540909090909086, "Arizona": 22.711111111111112, "Connecticut": 22.823076923076922, "Iowa": 22.950000000000006, "Mississippi": 22.983333333333334, "Wisconsin": 23.185714285714287, "Indiana": 23.919230769230772, "Nevada": 24.099999999999994, "Louisiana": 24.506249999999998, "New Mexico": 24.53571428571428, "Guam": 26.757142857142856, "Virgin Islands": 27.26428571428571, "Puerto Rico": 39.89}}