{"status": "done", "data": {"Puerto Rico": 9.90909090909091, "Mississippi": 15.505714285714287, "West Virginia": 15.733333333333333, "Tennessee": 15.735483870967744, "Kentucky": 15.831578947368419, "Louisiana": 16.542857142857144, "Oklahoma": 16.568571428571428, "Alabama": 16.742424242424242, "Indiana": 17.307142857142857, "Kansas": 17.663636363636368, "North Dakota": 17.856666666666666, "Arkansas": 18.031034482758617, "Iowa": 18.162962962962954, "Missouri": 18.509999999999998, "Ohio": 18.909677419354843, "Texas": 18.911538461538463, "South Dakota": 19.184615384615384, "National": 19.91785714285714, "New York": 19.93548387096774, "North Carolina": 19.938461538461542, "South Carolina": 19.939393939393938, "Pennsylvania": 20.04615384615385, "Maine": 20.14117647058824, "Nebraska": 20.29047619047619, "Maryland": 20.307407407407407, "Delaware": 20.37272727272727, "New Jersey": 20.70333333333333, "Nevada": 20.793548387096774, "Virginia": 20.851612903225806, "District of Columbia": 20.907692307692304, "Michigan": 20.961764705882356, "Connecticut": 20.996000000000002, "Idaho": 21.16875, "Georgia": 21.18181818181818, "Minnesota": 21.228, "New Hampshire": 21.434482758620685, "Rhode Island": 21.559090909090912, "Massachusetts": 21.602941176470583, "Illinois": 21.68076923076923, "Vermont": 21.804166666666664, "Florida": 22.025000000000002, "Washington": 22.084615384615386, "Guam": 22.104545454545452, "Wisconsin": 22.30740740740741, "Utah": 22.38076923076923, "Oregon": 22.549999999999997, "New Mexico": 22.807142857142857, "Arizona": 23.145454545454545, "Wyoming": 23.276923076923076, "Hawaii": 23.410526315789472, "California": 23.63870967741936, "Montana": 23.71212121212121, "Alaska": 24.719047619047615, "Colorado": 25.276923076923076}}