{"status": "done", "data": {"Vermont": 34.39411764705882, "Massachusetts": 34.42, "Connecticut": 35.276923076923076, "District of Columbia": 35.36190476190476, "Rhode Island": 35.416666666666664, "Maryland": 35.43333333333333, "Maine": 35.434999999999995, "New Hampshire": 35.438095238095244, "Utah": 36.050000000000004, "New Jersey": 36.20666666666667, "New York": 36.73571428571429, "Florida": 36.75, "Minnesota": 37.13333333333334, "California": 37.1764705882353, "Illinois": 37.412499999999994, "Colorado": 37.51111111111111, "Wisconsin": 38.0076923076923, "Delaware": 38.14375, "North Dakota": 38.525, "Pennsylvania": 38.60666666666667, "National": 38.76666666666666, "Oregon": 38.76842105263158, "Iowa": 38.88636363636363, "Hawaii": 39.00588235294117, "Arizona": 39.294736842105266, "Michigan": 39.44117647058823, "Virginia": 39.47500000000001, "Washington": 39.83333333333334, "Montana": 39.94, "Idaho": 39.95454545454545, "Georgia": 40.08, "Texas": 40.12307692307692, "Kansas": 40.135714285714286, "Alaska": 40.199999999999996, "South Dakota": 40.38461538461539, "North Carolina": 40.58, "Virgin Islands": 40.7, "Nebraska": 41.03333333333333, "New Mexico": 41.055555555555564, "Ohio": 41.0875, "Wyoming": 41.935294117647054, "Tennessee": 41.949999999999996, "Missouri": 42.09444444444444, "Indiana": 42.6888888888889, "South Carolina": 42.699999999999996, "Kentucky": 43.0, "Guam": 43.356249999999996, "Nevada": 43.43571428571429, "Arkansas": 43.73157894736842, "Alabama": 44.075, "West Virginia": 45.17, "Mississippi": 45.31666666666666, "Oklahoma": 45.45454545454546, "Louisiana": 46.168749999999996, "Puerto Rico": 49.416666666666664}}