{"status": "done", "data": {"Colorado": 25.276923076923076, "Alaska": 24.719047619047615, "Montana": 23.71212121212121, "California": 23.63870967741936, "Hawaii": 23.410526315789472}}