{"status": "done", "data": {"Colorado": 19.366666666666667, "Oregon": 20.95616438356164, "California": 21.071014492753626, "Washington": 21.251388888888883, "Utah": 21.285937499999996, "District of Columbia": 21.598214285714285, "Alaska": 21.801562500000006, "Vermont": 21.813235294117636, "Hawaii": 21.83692307692308, "Montana": 22.332876712328765, "New Hampshire": 22.409333333333333, "Minnesota": 22.737878787878795, "Wisconsin": 22.913513513513514, "Idaho": 22.980952380952385, "South Dakota": 23.45584415584415, "Maine": 23.935714285714287, "New Mexico": 24.122727272727275, "Virginia": 24.3920634920635, "Illinois": 24.53285714285715, "Connecticut": 24.64324324324324, "Massachusetts": 24.81351351351351, "Nebraska": 24.84430379746835, "Maryland": 25.071641791044772, "Wyoming": 25.096721311475402, "Arizona": 25.14090909090909, "Michigan": 25.14177215189873, "Pennsylvania": 25.143283582089545, "North Carolina": 25.249206349206347, "Nevada": 25.481034482758623, "Kansas": 25.944999999999993, "Florida": 25.9972602739726, "Iowa": 26.22105263157895, "Rhode Island": 26.243103448275853, "Virgin Islands": 26.255000000000003, "National": 26.266250000000007, "New York": 26.79999999999999, "Georgia": 27.15499999999999, "South Carolina": 27.190789473684205, "North Dakota": 27.801612903225802, "Texas": 27.89180327868852, "Guam": 28.134883720930226, "Delaware": 28.18307692307693, "Indiana": 28.235714285714288, "West Virginia": 28.39999999999999, "Tennessee": 28.412280701754383, "Oklahoma": 28.720833333333328, "Ohio": 28.78611111111111, "Missouri": 29.029850746268657, "New Jersey": 29.381428571428557, "Louisiana": 29.544594594594592, "Alabama": 29.892500000000013, "Mississippi": 30.129577464788724, "Arkansas": 30.601694915254228, "Kentucky": 31.028169014084494, "Puerto Rico": 40.62749999999999}}