{"status": "done", "data": {"Puerto Rico": 14.778571428571428, "West Virginia": 24.041379310344826, "Oklahoma": 25.930769230769236, "Arkansas": 26.326923076923077, "Alabama": 26.62142857142857, "Louisiana": 27.406060606060603, "Mississippi": 27.478571428571424, "Tennessee": 27.928, "Missouri": 28.109999999999996, "Iowa": 28.879411764705882, "Kansas": 28.940625, "Kentucky": 28.98148148148148, "New Jersey": 29.068750000000005, "Texas": 29.808333333333337, "North Dakota": 30.01212121212121, "National": 30.01851851851852, "Massachusetts": 30.34074074074074, "Vermont": 30.68333333333333, "Indiana": 30.75151515151515, "Maine": 30.811111111111114, "Rhode Island": 30.885185185185183, "Virgin Islands": 30.900000000000002, "North Carolina": 30.945161290322577, "Nebraska": 30.970370370370368, "Connecticut": 31.053333333333327, "South Dakota": 31.07428571428572, "South Carolina": 31.112, "Maryland": 31.12121212121212, "Oregon": 31.244999999999997, "Pennsylvania": 31.265384615384612, "Wyoming": 31.319354838709668, "Montana": 31.461290322580645, "Wisconsin": 31.638461538461545, "Virginia": 31.739130434782602, "Florida": 31.74864864864865, "Ohio": 31.875, "Idaho": 32.00344827586206, "New Hampshire": 32.056, "Delaware": 32.2695652173913, "Georgia": 32.270967741935486, "Nevada": 32.292857142857144, "Michigan": 32.467999999999996, "New York": 32.85238095238095, "Illinois": 32.875, "Alaska": 32.99189189189189, "Washington": 33.26551724137931, "Hawaii": 33.30434782608695, "Minnesota": 33.47619047619047, "Arizona": 34.32592592592592, "California": 34.77083333333333, "New Mexico": 34.92799999999999, "Utah": 35.028571428571425, "District of Columbia": 35.13461538461538, "Colorado": 36.95416666666666, "Guam": 38.29333333333333}}