{"status": "done", "data": {"Ohio": -2.690193, "New Mexico": 0.05305, "Tennessee": -3.50383, "Nebraska": -0.11327, "Pennsylvania": 0.303457, "Iowa": -2.462921, "New Hampshire": 1.244942, "Missouri": -2.663328, "Rhode Island": 2.984807, "Indiana": -3.242045, "Wyoming": 1.753874, "Arkansas": -4.415869, "Utah": 3.282409, "California": 4.195291, "Arizona": 0.326225, "Montana": 2.622664, "North Carolina": -1.193472, "Mississippi": -5.497138, "New York": 3.411299, "North Dakota": -2.251732, "Michigan": -3.364703, "Minnesota": 1.176971, "Georgia": -0.458447, "District of Columbia": 5.468378, "Maine": 0.378772, "Hawaii": 3.975084, "Massachusetts": 4.811122, "New Jersey": 5.558021, "West Virginia": -5.790193, "Florida": 3.408708, "South Dakota": -2.307527, "Nevada": 2.118898, "Wisconsin": -2.332816, "Kansas": -2.805193, "National": 0.309807, "Maryland": 0.636473, "Virgin Islands": -1.741708, "Delaware": -0.120044, "South Carolina": -3.117059, "Texas": -0.419504, "Illinois": 0.880496, "Puerto Rico": -0.331732, "Guam": -0.85383, "Oklahoma": -3.968527, "Washington": 0.857694, "Kentucky": -3.296347, "Connecticut": 2.578557, "Virginia": 0.236834, "Idaho": -0.039424, "Vermont": 2.463905, "Colorado": 7.938378, "Alabama": -4.11286, "Alaska": 1.143653, "Oregon": 1.557264, "Louisiana": -5.256391}}