{"status": "done", "data": {"West Virginia": 0.932241, "Tennessee": 4.449662, "Maine": -4.172221, "Wisconsin": -4.227649, "National": -0.879554, "Connecticut": 1.921904, "North Carolina": 3.097113, "Florida": -2.392584, "Guam": 1.712529, "Kentucky": 2.969705, "Idaho": -2.976809, "Indiana": 3.343779, "Illinois": 0.829891, "Arizona": -0.881221, "Colorado": -6.298528, "Maryland": -0.075451, "Rhode Island": 1.890121, "South Carolina": 0.647351, "Vermont": -6.490836, "South Dakota": 1.447228, "North Dakota": 3.347483, "Nebraska": 2.126388, "Oklahoma": 5.972351, "Washington": -3.560766, "Nevada": -0.492584, "Arkansas": 1.858065, "Missouri": 2.076037, "Utah": -1.486221, "Texas": 6.035084, "Hawaii": -5.621221, "California": -6.151459, "Iowa": 3.730736, "Alaska": -6.106221, "New Hampshire": -3.449554, "Michigan": -1.126591, "Delaware": 0.592055, "Mississippi": 7.311521, "Kansas": 1.800301, "Alabama": 4.730143, "Montana": -7.042887, "Oregon": -6.05016, "Pennsylvania": 0.720702, "Minnesota": -1.222887, "Wyoming": -2.569264, "Massachusetts": -1.106221, "Virgin Islands": 0.043779, "Louisiana": 2.664469, "Georgia": 0.410446, "District of Columbia": -0.299554, "Ohio": 0.243779, "New York": 1.29616, "Puerto Rico": 13.268779, "New Mexico": -3.731221, "Virginia": 0.074549, "New Jersey": 0.143779}}