{"status": "done", "data": {"Kansas": -0.30489, "Wisconsin": 2.726597, "Ohio": -3.146001, "Maryland": 0.568469, "Nebraska": 0.795807, "Arizona": 0.499201, "Oklahoma": -3.080723, "North Dakota": -2.161503, "Arkansas": -4.961585, "Iowa": -0.580942, "Maine": 1.704396, "Georgia": -1.51489, "South Carolina": -1.550679, "South Dakota": 2.184266, "Michigan": 0.498338, "Missouri": -3.38974, "District of Columbia": 4.041896, "New York": -1.15989, "Montana": 3.307234, "Delaware": -2.542967, "New Hampshire": 3.230777, "Kentucky": -5.388059, "North Carolina": 0.390904, "Louisiana": -3.904484, "Massachusetts": 0.826597, "Alabama": -4.25239, "Utah": 4.354173, "Oregon": 4.683946, "Virgin Islands": -0.61489, "Alaska": 3.838548, "Texas": -2.251693, "Mississippi": -4.489467, "New Mexico": 1.517383, "Colorado": 6.273444, "California": 4.569096, "Wyoming": 0.543389, "Idaho": 2.659158, "Washington": 4.388721, "Florida": -0.35715, "Connecticut": 0.996867, "Nevada": 0.159076, "Guam": -2.494773, "Virginia": 1.248047, "Minnesota": 2.902232, "Pennsylvania": 0.496827, "New Jersey": -3.741318, "Indiana": -2.595604, "National": -0.62614, "Tennessee": -2.77217, "West Virginia": -2.75989, "Hawaii": 3.803187, "Illinois": 1.107253, "Vermont": 3.826875, "Rhode Island": -0.602993, "Puerto Rico": -14.98739}}