{"status": "done", "data": {"Washington": -2.345476, "Massachusetts": 0.5793, "New Hampshire": -1.135959, "Rhode Island": 0.034856, "Vermont": 0.236708, "Connecticut": -0.133292, "National": 0.901522, "Louisiana": 3.51398, "Oregon": -0.324959, "Pennsylvania": -0.345344, "Tennessee": 2.992041, "Alaska": -2.071851, "Michigan": -1.547959, "Missouri": 2.810041, "North Dakota": 0.90792, "South Dakota": -0.154245, "Guam": -7.373292, "Ohio": -0.954959, "Texas": 1.111708, "West Virginia": 6.878662, "Indiana": 0.168526, "New Mexico": -4.007959, "Kentucky": 1.938559, "Wyoming": -0.399314, "Maryland": -0.201171, "Utah": -4.108531, "Arkansas": 4.593118, "Wisconsin": -0.718421, "Colorado": -6.034126, "Oklahoma": 4.989272, "Delaware": -1.349524, "Florida": -0.828608, "Nevada": -1.372816, "Alabama": 4.298612, "Idaho": -1.083407, "Hawaii": -2.384307, "Nebraska": -0.050329, "Minnesota": -2.55615, "North Carolina": -0.02512, "Kansas": 1.979416, "Virginia": -0.81909, "New Jersey": 1.851291, "New York": -1.93234, "Montana": -0.541249, "Georgia": -1.350927, "Maine": 0.10893, "Mississippi": 3.441469, "Arizona": -3.405885, "South Carolina": -0.191959, "District of Columbia": -4.214574, "Puerto Rico": 16.141469, "Illinois": -1.954959, "Iowa": 2.040629, "California": -3.850792, "Virgin Islands": 0.020041}}