{"status": "done", "data": {"District of Columbia": 30.746875, "Missouri": 32.76268656716418, "Arkansas": 32.99516129032258, "Kentucky": 33.071641791044776, "Vermont": 33.11818181818182, "Louisiana": 33.1793103448276, "Ohio": 33.25753424657533, "South Carolina": 33.25909090909091, "Virgin Islands": 33.296875, "Illinois": 33.521874999999994, "Indiana": 33.58701298701301, "Michigan": 33.73734939759038, "West Virginia": 33.8611111111111, "Iowa": 33.96455696202532, "Washington": 33.96842105263158, "Hawaii": 34.00468750000001, "Kansas": 34.05625, "Oklahoma": 34.05833333333334, "Tennessee": 34.10945945945945, "Oregon": 34.1421875, "Alabama": 34.1551724137931, "Wisconsin": 34.15542168674699, "Utah": 34.195081967213106, "Florida": 34.27333333333333, "Georgia": 34.30126582278482, "Mississippi": 34.315625, "Maine": 34.31612903225807, "Texas": 34.37692307692308, "North Carolina": 34.377631578947366, "Virginia": 34.458823529411774, "Guam": 34.485454545454544, "Maryland": 34.528395061728396, "Pennsylvania": 34.54354838709677, "Massachusetts": 34.6203125, "Delaware": 34.673846153846156, "Colorado": 34.78536585365854, "New Hampshire": 34.84415584415584, "New York": 34.86, "North Dakota": 34.89166666666666, "National": 35.08593750000001, "Rhode Island": 35.17878787878787, "Idaho": 35.19090909090909, "South Dakota": 35.19565217391305, "Arizona": 35.404687500000016, "Wyoming": 35.5169014084507, "Minnesota": 35.54576271186441, "Nebraska": 35.69142857142857, "California": 35.72459016393442, "Connecticut": 35.75428571428572, "New Mexico": 35.86349206349206, "Alaska": 35.902777777777786, "New Jersey": 36.08059701492537, "Montana": 36.17826086956522, "Nevada": 36.358333333333334, "Puerto Rico": 36.98636363636363}}