{"status": "done", "data": {"Arizona": -2.940995, "Missouri": 1.694459, "North Dakota": 2.347793, "Washington": -1.880156, "Oklahoma": 3.635888, "Hawaii": -3.206067, "Maryland": -0.102948, "Florida": -1.820541, "Kentucky": 4.372881, "District of Columbia": -0.703233, "Tennessee": 4.468976, "Massachusetts": -1.398482, "Puerto Rico": 10.295369, "South Carolina": 0.265066, "Idaho": -0.964291, "Utah": -2.17631, "Nebraska": -0.086017, "Wisconsin": -2.102948, "Alaska": -4.514588, "California": -3.43425, "Colorado": -5.072464, "South Dakota": 1.019844, "Vermont": -1.599707, "Virginia": -0.647153, "Texas": 1.292921, "Alabama": 3.462035, "Oregon": -2.345541, "Pennsylvania": 0.158306, "Michigan": -0.757305, "West Virginia": 4.471126, "National": 0.286602, "Arkansas": 2.173425, "Wyoming": -3.072464, "Mississippi": 4.698745, "Maine": 0.063283, "New Jersey": -0.498874, "Guam": -1.900086, "Rhode Island": -1.354631, "Minnesota": -1.023541, "New York": 0.268976, "Connecticut": -0.791541, "Kansas": 2.540823, "Iowa": 2.041496, "Louisiana": 3.661602, "Nevada": -0.589089, "New Hampshire": -1.230023, "Georgia": -0.977359, "Ohio": 1.294782, "Montana": -3.507662, "North Carolina": 0.265998, "Illinois": -1.47631, "New Mexico": -2.602683, "Indiana": 2.897317, "Delaware": -0.168268}}