{"status": "done", "data": {"Idaho": 57.75333333333333, "Vermont": 57.48064516129032, "Oregon": 57.199999999999974, "Colorado": 56.77428571428571, "Hawaii": 56.76}}