{"status": "done", "data": {"Montana": 38.186666666666675, "Vermont": 37.634615384615394, "Colorado": 37.44230769230769, "California": 37.2952380952381, "Alaska": 37.24999999999999}}